{"cameraMode":{"drawMode":0,"name":"Shaded","section":"Shading Mode"},"sceneLighting":true,"audioPlay":false,"sceneViewState":{"m_AlwaysRefresh":false,"showFog":true,"showSkybox":true,"showFlares":true,"showImageEffects":true,"showParticleSystems":true,"showVisualEffectGraphs":true,"m_FxEnabled":true},"in2DMode":false,"pivot":{"x":-2.6305344104766847,"y":3.2472877502441408,"z":57.52178955078125},"rotation":{"x":-0.027267320081591607,"y":0.8955792188644409,"z":-0.055426787585020068,"w":-0.4405916929244995},"size":5.95707368850708,"orthographic":false}